,health,health_group
0,1,Yes
1,2,No
2,2,No
3,1,No
4,2,Yes
5,3,No
6,1,No
7,1,No
8,2,No
9,2,No
10,1,No
11,1,No
12,1,No
13,2,No
14,1,Yes
15,0,Yes
16,1,Yes
17,1,No
18,1,No
19,1,No
20,2,No
21,2,No
22,2,No
23,1,No
24,2,No
25,1,No
26,2,No
27,2,Yes
28,1,No
29,2,Yes
30,2,Yes
31,1,Yes
32,2,Yes
33,1,No
34,2,No
35,1,No
36,2,No
37,1,No
38,1,No
39,2,No
40,1,No
41,1,No
42,1,No
43,1,Yes
44,1,No
45,1,Yes
46,1,No
47,2,Yes
48,1,No
49,0,No
50,1,Yes
51,1,Yes
52,1,Yes
53,3,Yes
54,1,Yes
55,1,No
56,1,No
57,0,No
59,1,No
60,1,No
61,0,No
62,2,Yes
63,2,No
64,1,No
65,1,Yes
66,1,No
67,1,No
68,2,No
69,2,No
70,3,No
71,2,No
72,1,No
73,2,No
74,1,No
75,1,No
76,2,Yes
77,2,No
78,2,No
79,2,No
80,2,Yes
81,1,No
82,1,No
83,2,No
84,2,No
85,1,No
86,2,No
87,2,No
88,1,No
89,2,No
90,1,No
91,1,No
92,3,No
93,1,Yes
94,3,No
95,3,No
96,1,No
97,1,No
98,1,No
99,1,No
100,1,No
101,2,No
102,2,No
103,2,No
105,1,No
106,0,No
107,1,No
108,2,No
109,2,Yes
110,1,No
111,1,No
112,1,No
113,1,No
114,3,No
115,1,No
116,1,No
117,1,No
118,1,No
119,1,No
120,1,No
121,1,No
122,1,No
123,1,No
124,1,No
125,1,No
126,1,No
127,1,No
128,1,No
129,1,Yes
130,1,No
131,1,Yes
132,1,No
133,1,No
134,3,Yes
135,2,No
136,2,No
137,1,Yes
138,1,No
139,2,No
140,1,No
142,1,No
143,1,No
144,1,No
145,2,Yes
146,1,No
147,1,No
148,1,No
149,3,No
150,3,No
151,2,No
152,1,No
153,1,No
154,1,No
155,1,No
156,1,Yes
157,2,No
158,1,Yes
159,2,No
160,1,No
161,1,No
162,1,No
163,0,No
164,2,No
165,1,Yes
166,2,Yes
167,1,No
168,1,No
169,1,No
170,2,No
171,2,No
172,2,No
173,0,No
174,1,No
175,1,No
176,0,No
177,1,No
178,2,No
179,1,No
180,1,No
181,1,No
182,1,No
183,1,No
184,1,No
185,0,No
186,1,No
187,0,No
188,1,Yes
189,1,No
190,1,No
191,2,No
192,1,No
193,1,No
194,2,No
195,2,No
196,1,No
197,1,No
198,1,No
199,3,No
200,3,No
201,1,No
202,2,No
203,1,No
204,3,Yes
205,2,No
206,2,No
207,1,No
208,2,No
209,2,No
210,1,No
211,2,No
212,1,No
213,2,No
214,1,No
215,1,No
216,1,No
217,1,No
218,2,No
219,1,Yes
220,1,No
221,1,No
222,1,No
223,1,No
224,1,Yes
225,1,No
226,3,Yes
227,1,No
228,1,No
229,2,No
230,1,No
231,1,No
232,1,No
233,2,No
234,2,No
235,2,No
236,2,No
237,1,No
238,1,No
239,3,Yes
240,1,No
241,2,Yes
242,1,No
243,1,No
244,1,Yes
245,2,No
247,1,Yes
248,2,No
249,1,Yes
250,3,Yes
251,2,Yes
252,1,Yes
253,1,No
254,3,No
255,1,No
256,2,No
257,2,No
258,1,No
259,0,Yes
260,2,No
261,2,No
262,2,Yes
263,3,Yes
264,2,No
265,1,No
266,1,Yes
267,1,No
268,1,No
269,1,Yes
270,1,No
271,1,No
272,1,No
274,1,Yes
275,1,Yes
276,1,No
277,1,No
278,2,No
279,2,No
280,1,Yes
281,2,No
282,1,No
283,1,No
284,2,Yes
285,1,No
286,2,No
287,1,No
288,3,No
289,1,No
290,1,Yes
291,1,No
292,1,Yes
293,3,No
294,1,No
295,1,No
296,1,No
297,1,No
298,1,Yes
299,1,No
300,1,No
301,1,Yes
302,1,No
303,1,No
304,1,No
305,1,Yes
306,2,No
307,1,No
308,1,No
309,1,No
310,1,No
311,1,Yes
312,1,No
313,1,No
314,2,No
315,1,No
316,1,Yes
317,1,No
318,1,No
319,1,No
320,1,No
321,1,No
322,3,Yes
323,1,No
324,3,No
325,1,No
326,1,No
327,1,No
328,1,No
329,1,Yes
330,2,No
331,1,No
332,2,No
333,1,No
334,2,No
335,1,No
336,1,No
337,2,No
339,2,No
340,1,No
341,1,No
342,1,No
343,2,No
344,1,No
345,1,No
346,2,No
347,2,No
348,1,No
349,3,No
350,3,No
351,0,No
352,1,No
353,1,No
354,3,Yes
355,1,No
356,1,No
357,0,No
358,2,Yes
359,2,Yes
360,3,No
361,1,No
362,3,No
363,1,No
364,1,No
365,2,No
366,3,No
367,2,No
368,1,No
369,1,No
370,1,No
371,1,No
372,1,No
373,2,Yes
374,3,Yes
375,2,No
376,1,No
377,1,No
378,2,No
379,1,No
380,1,No
381,1,No
382,2,No
383,1,No
384,3,No
385,2,No
386,2,No
387,1,No
388,1,No
389,1,No
390,1,No
391,1,No
392,1,No
393,3,Yes
394,2,No
395,2,No
396,2,No
397,1,No
398,2,Yes
399,2,No
400,1,No
401,1,Yes
402,1,No
403,2,No
404,3,No
405,1,No
406,1,Yes
407,0,No
408,0,No
409,1,No
410,1,Yes
411,1,Yes
412,2,No
413,1,Yes
414,1,No
415,2,No
416,1,No
417,1,No
418,0,No
419,0,No
420,0,No
421,0,No
422,3,No
423,1,No
424,1,No
425,1,No
426,1,No
427,1,No
428,1,No
429,2,No
430,1,No
431,1,Yes
432,1,No
433,1,No
434,1,No
435,0,No
436,3,No
437,1,No
438,1,No
439,1,No
440,1,No
441,1,No
442,1,No
443,1,No
444,1,No
445,1,No
446,1,No
447,1,No
448,1,No
449,0,No
450,2,No
451,2,No
452,1,No
453,1,No
454,2,No
455,1,No
456,2,No
457,1,No
458,2,No
459,2,No
460,2,No
461,1,No
462,1,No
463,1,No
464,2,No
465,1,No
466,2,No
467,1,No
468,3,Yes
469,1,No
470,2,No
471,2,No
472,2,No
473,2,No
474,0,No
475,1,No
476,1,No
477,2,Yes
478,1,No
479,0,No
480,1,No
481,1,No
482,2,No
483,2,No
484,1,No
485,1,No
486,2,No
487,2,No
488,1,No
489,1,No
490,2,No
491,2,No
492,1,No
493,2,No
494,1,No
495,1,No
496,2,No
497,2,No
498,1,No
499,3,No
500,3,No
501,2,No
502,2,No
503,1,No
504,2,No
505,1,No
506,2,No
507,1,No
508,2,No
509,1,No
510,2,No
511,1,No
512,2,No
513,1,No
514,1,No
515,0,No
516,1,No
517,2,Yes
518,2,Yes
519,3,No
520,1,No
521,2,No
522,2,No
523,1,No
524,2,No
525,1,No
526,1,No
527,2,No
528,1,No
529,3,Yes
530,2,Yes
531,2,No
532,1,No
533,1,No
534,2,No
535,1,No
536,1,No
537,3,No
538,2,No
539,1,No
540,2,No
541,1,No
542,1,No
543,2,No
544,2,No
545,2,No
546,2,Yes
547,3,No
548,1,No
549,1,No
550,1,No
551,1,No
552,2,No
553,2,No
554,2,No
555,2,No
556,2,No
557,1,No
558,1,No
559,1,No
560,1,Yes
561,1,No
562,1,No
563,2,No
564,2,No
565,1,No
566,1,No
567,1,No
568,2,No
569,1,No
570,2,No
571,1,No
572,2,No
573,2,No
574,2,No
575,2,Yes
576,2,No
577,2,No
578,1,No
579,2,No
580,1,No
581,1,No
582,1,No
583,0,No
584,1,No
585,0,No
586,1,No
587,2,No
588,0,No
589,1,No
590,0,No
591,1,No
592,1,No
593,1,No
594,2,No
595,2,No
596,3,Yes
597,2,No
598,1,No
599,1,No
600,1,No
601,1,No
602,1,No
603,2,No
604,2,No
605,1,No
606,1,No
607,1,No
608,1,No
609,1,No
610,2,No
611,2,No
612,1,No
613,1,No
614,3,No
615,1,No
616,1,Yes
617,1,No
618,1,No
619,1,No
620,1,No
621,2,No
622,1,No
623,2,No
624,1,No
625,1,No
626,2,No
627,2,No
628,2,No
629,2,No
630,2,No
631,2,No
632,2,No
633,1,No
634,1,No
635,2,No
636,2,No
637,2,No
638,2,No
639,1,No
640,1,No
641,2,No
642,2,No
643,2,No
644,2,No
645,1,No
646,2,No
647,2,No
648,1,No
649,2,No
650,3,No
651,3,No
652,1,No
653,2,No
654,2,No
655,2,No
656,2,No
657,1,Yes
658,2,No
659,2,No
660,3,No
661,2,No
662,0,No
663,1,No
664,2,No
665,2,No
666,1,No
667,1,No
668,2,No
669,2,No
670,1,No
671,2,No
672,0,No
673,1,No
674,1,No
675,2,Yes
676,2,Yes
677,2,No
678,1,No
679,2,Yes
680,1,No
681,1,No
682,1,No
683,3,No
684,1,No
685,1,No
686,1,No
687,1,No
688,2,No
689,1,No
690,3,No
691,1,No
692,2,No
693,1,No
694,2,No
695,2,No
696,1,No
697,2,No
698,2,No
699,2,Yes
700,2,No
701,2,No
702,2,Yes
703,2,No
704,2,Yes
705,0,No
706,0,No
707,2,No
708,1,No
709,3,No
710,0,Yes
711,2,No
712,1,No
713,1,No
714,2,No
715,2,No
716,3,No
717,3,No
718,1,Yes
719,2,Yes
720,0,No
721,1,Yes
722,1,Yes
723,2,Yes
724,2,Yes
725,2,Yes
726,2,No
727,1,No
728,2,No
729,2,No
730,1,Yes
731,1,No
732,2,No
733,2,No
734,2,No
735,2,Yes
736,1,No
737,2,No
738,2,No
739,2,No
740,2,No
741,1,No
742,1,No
743,1,No
744,1,No
745,2,No
746,1,No
747,1,No
748,2,No
749,3,No
750,2,No
751,2,Yes
752,2,No
753,1,No
754,2,No
755,2,No
756,2,No
757,2,No
758,2,No
759,2,No
760,2,No
761,0,No
762,1,No
763,2,No
764,1,Yes
765,1,No
766,2,Yes
767,1,Yes
768,1,No
769,1,Yes
770,2,Yes
771,2,No
772,1,Yes
773,2,No
774,3,No
775,2,No
776,2,No
777,1,No
778,1,No
779,1,No
780,2,No
781,2,No
782,1,No
783,1,No
784,1,No
785,1,No
786,1,No
787,1,Yes
788,1,No
789,1,No
790,1,No
791,2,No
792,2,No
793,2,No
794,3,Yes
795,1,No
796,1,No
797,1,No
798,1,No
799,2,No
800,1,Yes
801,1,No
802,0,No
803,1,No
804,1,No
805,1,No
806,1,No
807,1,Yes
808,1,No
809,1,No
810,1,No
811,1,No
812,1,No
813,1,No
814,1,No
815,2,No
816,1,No
817,1,No
818,2,No
819,2,No
820,1,No
821,1,No
822,2,Yes
823,0,No
824,1,No
825,1,No
826,1,No
827,1,No
828,1,No
829,1,No
830,3,No
831,1,No
832,1,No
833,1,No
834,1,No
836,1,Yes
837,2,No
838,1,No
839,2,Yes
840,1,Yes
841,1,Yes
842,1,No
843,1,No
844,1,No
845,1,No
846,1,No
847,2,No
848,2,Yes
849,1,No
850,2,Yes
851,2,No
852,1,No
853,1,No
854,1,No
855,3,Yes
856,1,Yes
857,2,Yes
858,1,Yes
859,1,No
860,2,Yes
861,1,No
863,3,No
864,1,No
865,3,Yes
866,3,Yes
867,1,No
868,1,Yes
869,1,Yes
870,1,No
871,1,No
872,1,Yes
873,1,No
874,3,No
875,1,No
876,2,No
877,2,No
878,2,Yes
879,3,Yes
880,3,No
881,1,Yes
882,1,No
883,1,Yes
884,1,No
885,1,No
887,2,Yes
888,3,No
889,1,Yes
890,1,Yes
891,1,Yes
892,1,No
893,2,No
894,1,No
895,2,No
896,1,Yes
897,2,No
898,1,Yes
899,2,Yes
900,1,No
901,1,Yes
902,2,No
903,1,No
904,1,No
905,1,No
906,1,Yes
907,1,No
908,1,No
910,3,Yes
911,2,No
912,1,No
913,2,Yes
914,2,No
915,1,No
916,1,No
917,1,Yes
919,1,Yes
920,1,Yes
921,1,No
922,1,No
923,1,Yes
924,1,No
925,1,No
926,1,No
927,1,No
928,1,No
929,3,Yes
930,1,No
931,3,Yes
932,1,No
933,1,No
934,3,No
935,2,Yes
936,3,Yes
937,3,No
938,2,Yes
939,3,No
940,2,Yes
941,1,No
943,1,No
944,0,No
945,1,No
946,1,No
947,3,Yes
948,2,No
949,2,No
950,2,No
951,1,No
952,1,No
953,1,No
954,1,No
955,1,No
956,0,No
957,2,Yes
958,1,No
959,1,No
960,1,No
961,1,No
962,2,No
963,1,Yes
964,2,No
965,2,Yes
966,3,No
967,1,No
968,1,Yes
969,0,Yes
970,1,No
971,2,No
972,1,No
973,1,No
974,1,No
975,1,No
976,3,Yes
977,1,Yes
978,1,Yes
979,3,No
980,1,No
981,3,Yes
982,2,Yes
983,1,No
984,2,Yes
985,1,Yes
986,1,Yes
987,1,No
988,1,No
989,1,No
990,2,No
991,2,Yes
992,1,No
993,1,No
994,1,No
995,3,No
996,2,Yes
997,1,No
998,1,No
999,1,Yes
1000,1,Yes
1001,2,Yes
1002,2,No
1003,1,No
1004,1,Yes
1005,2,Yes
1006,1,No
1007,1,Yes
1008,2,No
1009,1,No
1010,2,Yes
1011,1,Yes
1012,1,No
1013,1,Yes
1014,2,Yes
1015,1,No
1016,1,No
1017,1,No
1018,1,Yes
1019,1,No
1020,1,No
1021,3,Yes
1022,1,No
1023,2,Yes
1024,2,Yes
1025,2,Yes
1026,1,Yes
1027,1,No
1028,1,No
1029,2,No
1030,3,Yes
1031,1,Yes
1032,3,Yes
1033,3,No
1034,2,No
1035,1,Yes
1036,1,No
1037,1,No
1038,1,Yes
1039,1,No
1040,1,Yes
1041,1,Yes
1042,1,No
1043,1,No
1044,2,Yes
1045,2,No
1046,1,No
1047,1,No
1048,1,No
1049,1,No
1050,1,No
1051,1,Yes
1052,2,Yes
1053,1,Yes
1054,1,Yes
1055,1,No
1056,1,Yes
1057,1,Yes
1058,1,No
1059,2,No
1060,1,No
1061,1,No
1062,1,No
1063,1,No
1065,2,Yes
1066,2,Yes
1068,1,Yes
1069,1,Yes
1070,2,No
1071,3,Yes
1072,1,No
1073,1,No
1074,1,No
1075,1,Yes
1076,1,No
1077,1,Yes
1078,2,No
1079,3,No
1080,1,Yes
1081,1,Yes
1082,1,No
1083,1,Yes
1084,2,Yes
1085,1,No
1086,1,Yes
1087,1,Yes
1088,2,Yes
1089,1,Yes
1090,1,No
1091,1,No
1092,1,No
1093,1,No
1094,1,Yes
1095,1,Yes
1096,3,No
1097,1,Yes
1098,1,Yes
1099,1,No
1100,2,Yes
1101,1,No
1102,1,No
1103,1,No
1104,1,No
1105,1,No
1106,1,No
1107,1,No
1108,1,No
1109,1,Yes
1110,1,No
1111,1,No
1112,2,No
1113,1,No
1114,1,No
1115,1,No
1116,2,Yes
1117,1,No
1118,2,No
1119,2,Yes
1120,2,No
1121,0,No
1122,1,No
1123,2,No
1124,2,No
1125,2,No
1126,1,No
1127,1,No
1128,1,No
1129,1,No
1130,2,No
1131,1,No
1132,1,No
1133,1,No
1134,2,No
1135,2,No
1136,1,No
1137,1,No
1138,1,No
1139,1,No
1140,1,No
1141,1,No
1143,2,No
1144,3,No
1145,1,No
1146,1,No
1147,2,No
1148,1,No
1149,2,Yes
1150,2,No
1151,1,No
1152,1,Yes
1155,1,Yes
1156,1,No
1157,1,Yes
1158,1,No
1159,1,No
1160,1,No
1161,1,No
1162,1,No
1163,1,Yes
1164,1,Yes
1165,1,Yes
1168,3,Yes
1169,1,No
1170,1,No
1171,1,No
1172,1,No
1173,1,No
1174,1,No
1175,1,No
1176,1,No
1177,1,No
1178,2,No
1179,1,Yes
1180,1,Yes
1181,1,Yes
1182,1,No
1183,1,No
1184,1,No
1186,1,No
1189,1,No
1190,1,No
1191,0,No
1192,3,No
1193,3,No
1194,3,No
1195,2,Yes
1196,1,No
1197,2,No
1198,2,Yes
1199,1,Yes
1200,1,No
1201,1,No
1202,1,No
1203,1,No
1205,1,Yes
1206,2,Yes
1207,1,No
1208,2,No
1209,1,No
1211,1,No
1212,1,No
1213,1,No
1214,1,No
1215,1,Yes
1216,1,Yes
1217,2,No
1218,2,No
1219,2,No
1220,2,No
1221,2,Yes
1222,1,Yes
1223,2,No
1224,0,No
1225,3,Yes
1226,1,Yes
1227,1,No
1228,2,Yes
1229,1,Yes
1230,1,Yes
1231,1,No
1232,1,No
1233,1,No
1234,1,No
1235,1,Yes
1236,2,Yes
1237,2,No
1238,1,No
1239,1,No
1240,1,No
1241,1,Yes
1242,1,Yes
1243,2,Yes
1244,1,Yes
1246,1,No
1247,2,No
1248,1,No
1249,2,Yes
1250,2,No
1251,1,No
1252,1,No
1253,1,No
1254,3,No
1255,2,No
1256,1,Yes
1257,2,No
1258,1,No
1259,1,Yes
1260,1,No
1261,2,Yes
1262,2,Yes
1263,3,No
1264,1,Yes
1265,0,No
1266,1,No
1268,3,No
1269,1,No
1270,1,Yes
1271,1,Yes
1272,0,No
1273,1,Yes
1274,1,Yes
1275,2,No
1276,1,Yes
1277,2,No
1278,1,No
1279,1,No
1280,1,Yes
1281,1,No
1282,1,No
1283,1,No
1284,1,Yes
1285,1,No
1286,1,No
1287,2,No
1288,1,Yes
1289,1,No
1290,1,No
1291,2,No
1292,1,No
1294,2,No
1295,2,No
1297,1,No
1298,1,No
1299,2,No
1300,1,No
1301,1,Yes
1302,1,No
1303,1,No
1304,1,Yes
1305,1,No
1306,3,Yes
1307,1,No
1308,2,No
1309,1,No
1310,1,No
1311,1,No
1312,1,No
1313,1,No
1314,1,Yes
1315,1,Yes
1316,1,No
1317,1,No
1318,2,Yes
1319,1,Yes
1320,1,No
1322,1,No
1323,3,No
1324,1,Yes
1325,2,Yes
1326,1,No
1327,1,Yes
1328,1,Yes
1329,1,Yes
1330,1,Yes
1331,2,Yes
1332,2,No
1333,0,No
1334,0,No
1335,1,Yes
1336,1,No
1337,1,No
1338,1,No
1339,1,No
1340,1,No
1341,1,Yes
1342,3,No
1343,1,No
1344,1,No
1345,3,No
1346,1,No
1347,2,Yes
1349,1,No
1350,1,No
1351,2,Yes
1352,2,Yes
1353,1,No
1354,1,No
1355,1,No
1356,1,No
1357,2,No
1358,1,No
1359,1,No
1360,1,Yes
1361,1,Yes
1362,1,No
1363,1,Yes
1364,2,No
1365,1,No
1366,1,Yes
1367,1,No
1368,2,Yes
1369,1,No
1370,1,No
1371,2,No
1372,2,No
1373,1,No
1374,1,No
1375,2,Yes
1376,2,No
1377,2,No
1378,1,No
1379,1,No
1380,1,No
1381,3,No
1382,1,Yes
1383,2,No
1384,1,No
1385,1,No
1386,2,No
1387,2,No
1388,2,No
1389,2,No
1390,2,No
1391,1,No
1392,1,No
1393,2,Yes
1394,1,No
1395,1,No
1396,2,No
1397,2,No
1399,1,No
1400,1,No
1401,2,No
1402,1,No
1403,1,No
1404,2,No
1405,1,No
1406,1,No
1407,2,No
1408,0,No
1409,1,No
1410,1,No
1411,1,No
1412,1,No
1413,1,No
1414,1,No
1416,2,No
1417,1,No
1418,1,No
1419,1,No
1420,1,No
1421,1,Yes
1422,1,No
1423,2,No
1424,2,No
1425,2,No
1426,1,Yes
1427,2,Yes
1428,0,No
1429,1,No
1430,1,No
1431,1,No
1432,1,No
1433,1,No
1434,1,No
1435,1,Yes
1436,2,No
1437,3,No
1438,1,No
1439,1,No
1440,3,No
1441,1,Yes
1442,1,No
1443,1,No
1444,1,No
1445,1,No
1446,1,No
1447,1,No
1448,2,No
1449,1,No
1450,0,No
1451,3,No
1452,1,No
1453,1,No
1454,0,Yes
1455,1,No
1456,1,No
1457,1,No
1458,0,Yes
1459,1,No
1462,2,No
1463,1,No
1464,1,Yes
1465,1,No
1466,1,No
1467,2,Yes
1468,2,No
1469,2,No
1470,1,No
1472,0,No
1473,2,No
1474,1,No
1475,1,No
1476,2,No
1477,1,No
1478,1,Yes
1479,2,Yes
1481,1,Yes
1482,1,Yes
1483,1,No
1484,1,No
1485,2,Yes
1486,3,No
1487,3,No
1488,3,No
1489,1,No
1490,1,No
1491,1,No
1492,1,No
1493,1,No
1494,1,No
1495,1,No
1496,2,No
1497,2,Yes
1498,3,No
1499,1,No
1500,2,No
1501,2,Yes
1502,1,No
1503,1,No
1504,0,No
1505,2,No
1506,1,Yes
1507,1,Yes
1508,1,No
1509,1,No
1510,2,No
1511,2,No
1512,1,No
1513,1,No
1514,1,No
1515,1,Yes
1516,1,No
1517,1,No
1518,1,No
1519,0,No
1520,3,No
1521,2,No
1522,2,No
1523,1,No
1524,1,No
1525,2,No
1526,2,No
1527,2,No
1528,2,No
1529,2,No
1530,1,No
1531,1,No
1532,1,No
1533,1,No
1534,1,No
1535,2,No
1536,3,No
1537,1,No
1538,1,No
1540,1,No
1541,1,No
1542,1,No
1543,1,No
1544,1,No
1545,1,No
1546,1,No
1547,1,No
1548,2,No
1549,2,No
1550,1,No
1551,2,No
1552,2,Yes
1553,1,No
1554,1,No
1555,1,Yes
1556,1,No
1557,1,No
1558,1,No
1559,3,No
1560,3,No
1561,1,No
1562,3,No
1563,1,No
1564,1,No
1565,1,Yes
1566,2,No
1567,2,No
1568,2,No
1569,3,No
1570,2,No
1571,2,No
1572,3,No
1573,1,No
1574,2,No
1575,1,No
1576,3,No
1577,3,Yes
1578,1,No
1579,1,No
1580,1,No
1582,1,No
1583,1,No
1584,1,No
1585,1,No
1586,2,No
1587,2,Yes
1588,1,No
1589,1,No
1590,1,No
1591,1,No
1592,1,Yes
1593,1,No
1594,1,Yes
1595,1,No
1597,1,No
1600,2,No
1601,1,No
1603,1,Yes
1604,2,Yes
1605,0,No
1606,1,No
1607,1,No
1608,1,No
1609,1,No
1610,1,No
1611,1,No
1612,1,No
1613,3,No
1614,2,No
1615,2,No
1616,2,No
1617,1,No
1618,1,No
1619,1,Yes
1620,3,Yes
1621,2,No
1622,1,No
1623,1,No
1624,2,No
1625,1,No
1626,1,No
1627,1,No
1628,1,No
1629,1,Yes
1630,2,No
1631,1,No
1632,2,No
1633,1,No
1634,1,Yes
1635,2,No
1636,2,Yes
1637,3,No
1638,3,No
1639,3,No
1640,3,No
1641,3,No
1642,2,No
1643,1,No
1644,1,No
1645,1,No
1646,1,No
1647,1,No
1648,1,No
1649,1,No
1650,1,No
1652,1,Yes
1653,1,No
1654,1,No
1655,2,No
1656,2,No
1657,1,No
1659,1,No
1660,2,No
1661,3,Yes
1662,1,No
1663,1,Yes
1664,1,No
1665,1,No
1666,3,No
1667,2,No
1668,1,No
1669,2,Yes
1670,3,No
1671,1,No
1672,1,No
1673,1,No
1674,0,No
1675,0,No
1676,0,No
1678,2,No
1679,1,No
1680,1,No
1681,1,Yes
1682,1,No
1683,1,Yes
1684,0,Yes
1685,1,No
1686,0,Yes
1687,1,No
1688,1,No
1689,1,No
1690,1,No
1691,1,No
1692,1,No
1694,1,No
1695,0,No
1696,0,Yes
1697,0,No
1698,2,No
1699,1,No
1700,1,No
1701,0,Yes
1702,1,No
1703,3,Yes
1704,3,No
1705,2,No
1706,0,No
1707,0,Yes
1708,0,No
1709,2,Yes
1710,1,No
1711,1,No
1712,1,No
1713,1,Yes
1714,1,No
1715,1,Yes
1716,1,Yes
1717,2,No
1718,2,Yes
1719,2,Yes
1720,1,No
1721,2,No
1722,2,No
1723,2,No
1724,2,No
1725,1,No
1726,1,No
1727,1,No
1728,2,No
1729,1,No
1730,2,No
1731,2,No
1732,1,Yes
1733,1,No
1734,3,Yes
1735,1,Yes
1736,1,Yes
1737,2,Yes
1738,1,Yes
1739,1,No
1740,1,Yes
1741,1,No
1742,1,No
1743,1,No
1744,1,No
1745,2,No
1747,1,Yes
1748,1,No
1749,2,Yes
1750,1,No
1751,1,No
1752,1,No
1753,2,No
1754,2,No
1755,2,No
1756,1,Yes
1757,2,Yes
1758,1,No
1759,2,Yes
1760,1,Yes
1761,2,Yes
1762,1,No
1763,1,No
1764,1,No
1765,0,No
1766,1,No
1767,1,No
1768,2,No
1769,2,Yes
1770,1,No
1771,1,No
1772,1,No
1773,1,No
1774,2,Yes
1775,2,No
1776,2,No
1777,3,No
1778,2,No
1779,2,No
1780,3,No
1781,2,No
1782,2,No
1783,1,No
1785,2,No
1786,2,No
1787,1,No
1788,2,No
1789,1,No
1790,1,No
1791,1,No
1792,0,No
1793,2,No
1794,3,No
1795,3,No
1796,1,No
1797,0,Yes
1798,1,No
1799,2,No
1800,1,No
1801,2,No
1802,1,Yes
1803,1,No
1804,2,No
1805,1,No
1806,1,Yes
1807,1,No
1808,1,No
1809,1,No
1810,2,Yes
1811,1,No
1812,2,Yes
1813,1,No
1814,1,Yes
1815,2,No
1816,2,Yes
1817,1,No
1818,1,Yes
1819,2,No
1820,1,No
1821,1,No
1822,1,No
1823,3,No
1824,2,No
1825,1,No
1826,1,No
1827,1,No
1828,1,No
1829,1,No
1830,1,No
1831,1,Yes
1832,1,No
1833,2,Yes
1834,1,No
1835,1,No
1836,1,No
1837,1,No
1838,1,No
1839,1,No
1840,1,No
1841,2,Yes
1842,1,Yes
1843,1,No
1844,1,Yes
1845,1,No
1846,3,No
1847,1,No
1848,2,No
1849,1,No
1850,1,No
1851,2,Yes
1852,1,No
1853,3,Yes
1854,1,No
1855,1,No
1856,1,Yes
1857,2,No
1858,1,No
1859,1,No
1860,1,No
1861,1,Yes
1862,1,No
1863,2,Yes
1864,2,No
1865,1,No
1866,1,No
1867,1,No
1868,1,Yes
1869,2,Yes
1870,2,Yes
1871,1,Yes
1872,1,Yes
1873,1,Yes
1874,1,Yes
1875,1,Yes
1876,1,Yes
1877,1,Yes
1878,1,Yes
1879,1,Yes
1880,1,Yes
1881,1,Yes
1882,1,No
1883,1,No
1884,2,No
1885,1,No
1886,1,No
1887,1,No
1888,2,Yes
1889,1,No
1890,3,Yes
1891,1,No
1892,1,No
1893,1,No
1894,1,No
1895,1,Yes
1896,1,No
1897,1,No
1898,1,No
1899,1,No
1900,1,No
1901,1,No
1902,1,No
1903,1,No
1904,1,No
1905,1,Yes
1906,2,Yes
1907,1,No
1908,1,No
1909,2,No
1910,2,No
1911,1,No
1912,2,No
1913,1,Yes
1914,2,No
1915,3,No
1916,1,No
1917,2,No
1918,1,No
1919,1,No
1920,1,No
1921,1,No
1922,1,No
1923,2,No
1924,1,No
1925,1,No
1926,1,No
1927,1,No
1928,1,No
1929,1,No
1930,1,No
1931,1,No
1932,1,No
1933,1,No
1934,1,No
1935,1,No
1936,1,Yes
1937,1,Yes
1938,1,No
1939,2,No
1940,2,No
1941,2,No
1942,2,No
1943,2,No
1944,2,Yes
1945,2,No
1946,2,Yes
1947,1,No
1948,2,No
1949,2,No
1950,2,Yes
1951,2,No
1952,2,No
1953,2,No
1954,2,No
1955,2,No
1956,1,No
1957,2,No
1958,2,No
1959,2,No
1960,2,No
1962,2,Yes
1963,2,No
1964,2,No
1965,2,No
1966,2,Yes
1967,1,No
1968,1,Yes
1969,2,No
1970,2,Yes
1971,2,No
1972,2,No
1973,1,No
1974,2,Yes
1975,2,No
1976,2,No
1977,1,No
1978,2,Yes
1979,2,No
1980,1,Yes
1981,2,No
1982,2,No
1983,2,No
1984,2,No
1985,2,No
1986,2,No
1987,2,No
1988,2,Yes
1989,2,No
1990,2,No
1991,2,No
1992,2,No
1993,2,No
1994,2,No
1995,2,No
1996,2,No
1997,2,No
1998,2,Yes
1999,2,No
2000,1,No
2001,2,No
2002,1,No
2003,1,No
2004,2,No
2005,2,No
2006,2,No
2007,2,No
2008,2,No
2009,2,Yes
2010,2,Yes
2011,2,No
2012,2,No
2013,2,No
2014,2,Yes
2015,2,Yes
2016,2,No
2017,2,Yes
2018,2,No
2019,2,No
2020,2,No
2021,2,No
2022,2,No
2023,1,No
2024,1,Yes
2025,2,No
2026,1,No
2027,2,No
2028,2,No
2029,1,No
2030,2,No
2031,2,No
2032,2,No
2033,2,Yes
2034,2,Yes
2036,2,No
2038,2,No
2039,2,Yes
2040,3,Yes
2041,1,Yes
2042,1,Yes
2043,1,No
2044,2,No
2045,2,Yes
2046,1,No
2047,1,No
2048,2,No
2049,2,No
2050,2,No
2051,3,No
2052,1,No
2053,2,No
2054,2,No
2055,1,No
2056,2,Yes
2057,2,No
2058,1,No
2060,2,No
2061,2,No
2063,2,No
2064,2,No
2065,1,No
2067,2,No
2068,2,No
2069,1,No
2070,2,No
2071,1,No
2072,2,Yes
2073,2,No
2074,2,No
2075,2,Yes
2076,1,No
2077,2,No
2078,1,Yes
2079,1,No
2080,1,Yes
2081,2,No
2082,2,Yes
2083,1,Yes
2084,2,No
2085,1,No
2086,2,No
2087,2,No
2088,2,No
2089,1,Yes
2090,2,No
2091,3,No
2092,1,No
2093,2,No
2094,1,No
2095,1,No
2096,1,Yes
2097,2,No
2098,2,No
2099,1,No
2101,1,No
2102,2,No
2103,2,No
2104,2,No
2105,1,No
2106,2,No
2107,2,Yes
2108,2,No
2109,2,No
2110,2,No
2111,1,No
2112,1,No
2113,1,Yes
2114,1,Yes
2115,2,No
2116,1,No
2117,2,No
2118,2,No
2119,2,No
2120,2,No
2121,1,No
2122,1,No
2123,1,No
2124,1,No
2125,1,No
2126,1,No
2127,1,Yes
2128,1,No
2129,1,No
2130,0,No
2131,0,No
2132,0,No
2133,1,No
2134,0,No
2135,0,No
2136,1,No
2137,2,No
2138,1,Yes
2139,2,No
2140,1,No
2141,0,No
2142,1,No
2143,1,No
2144,2,No
2145,1,No
2146,1,No
2147,2,No
2148,1,No
2149,0,Yes
2150,0,No
2151,3,No
2152,1,No
2153,2,No
2154,1,No
2155,0,No
2156,1,No
2157,1,No
2158,1,No
2159,0,No
2160,1,Yes
2161,0,No
2162,0,No
2163,1,No
2164,1,No
2165,1,No
2166,1,Yes
2167,2,No
2168,2,No
2169,2,No
2170,1,No
2171,1,No
2172,1,No
2173,0,No
2174,1,No
2175,0,No
2176,1,No
2177,1,No
2178,1,No
2179,1,No
2180,1,No
2181,0,No
2182,1,No
2183,1,No
2184,1,No
2185,2,Yes
2186,1,No
2187,2,No
2188,3,Yes
2189,2,No
2190,2,Yes
2191,2,Yes
2192,2,No
2193,1,No
2194,2,No
2195,2,No
2196,1,Yes
2197,2,Yes
2198,2,No
2199,2,No
2200,2,Yes
2201,2,No
2202,2,No
2203,2,No
2204,2,No
2205,1,No
2206,2,No
2207,2,No
2208,2,No
2209,2,No
2210,1,No
2211,2,No
2212,2,No
2213,3,No
2214,2,No
2215,3,No
2216,2,No
2217,1,Yes
2218,1,No
2219,2,No
2220,2,No
2221,1,No
2222,2,No
2223,2,No
2224,2,No
2225,2,No
2226,2,No
2227,0,No
2228,1,No
2229,0,No
2230,0,No
2231,0,No
2232,3,No
2233,3,No
2234,3,No
2235,0,No
2236,0,No
2237,1,No
2238,1,No
2239,0,No
2240,1,No
2241,1,No
2242,1,No
2243,0,No
2244,0,No
2245,1,No
2246,0,No
2247,2,No
2248,2,No
2249,2,No
2250,1,No
2251,1,No
2252,1,No
2253,0,No
2254,2,Yes
2255,1,Yes
2256,1,No
2257,0,No
2258,1,No
2259,1,No
2260,1,No
2261,3,No
2262,1,Yes
2263,0,No
2264,0,No
2265,1,No
2266,1,No
2267,1,No
2268,1,No
2269,0,No
2270,1,No
2271,1,No
2272,1,No
2273,2,No
2274,2,Yes
2275,1,No
2276,2,No
2277,2,No
2278,2,Yes
2279,1,No
2280,2,No
2281,2,No
2282,1,No
2283,1,No
2284,2,No
2285,1,No
2286,1,No
2287,1,No
2288,1,No
2289,1,No
2290,1,No
2291,1,No
2292,1,Yes
2293,1,No
2294,2,Yes
2295,1,Yes
2296,1,No
2297,1,No
2298,1,No
2299,1,No
2300,1,No
2301,1,No
2302,2,No
2303,2,No
2304,1,No
2305,1,No
2306,1,No
2307,1,No
2308,1,No
2309,1,No
2310,1,No
2311,2,No
2312,2,No
2313,2,No
2314,2,Yes
2315,2,No
2316,1,No
2317,1,No
2318,2,No
2319,1,No
2320,1,No
2321,1,No
2322,1,No
2323,3,No
2324,2,No
2325,1,No
2326,1,No
2327,1,No
2328,1,No
2329,2,Yes
2330,1,No
2331,1,No
2332,1,No
2333,2,No
2334,1,No
2335,1,No
2336,1,No
2337,3,No
2338,3,No
2339,2,No
2340,2,No
2341,1,No
2342,1,No
2343,2,Yes
2344,1,No
2345,2,No
2346,2,Yes
2347,2,Yes
2348,2,No
2349,3,No
2350,1,No
2351,2,Yes
2352,2,No
2353,2,No
2354,1,No
2355,2,No
2356,2,No
2357,2,No
2358,1,No
2359,1,No
2360,2,No
2361,2,No
2362,3,Yes
2363,0,No
2364,3,Yes
2365,2,No
2366,2,No
2367,3,No
2368,1,No
2369,2,No
2370,1,No
2371,1,No
2372,1,No
2373,1,No
2374,2,No
2375,2,Yes
2376,1,No
2377,2,No
2378,1,No
2379,2,No
2380,1,No
2381,2,No
2382,1,No
2383,0,No
2384,2,No
2385,1,No
2386,1,No
2387,2,Yes
2388,1,No
2389,1,No
2390,2,No
2391,2,No
2392,2,Yes
2393,2,Yes
2394,1,No
2395,2,No
2396,2,No
2397,2,No
2398,2,No
2399,3,No
2400,1,No
2401,1,No
2402,1,No
2403,1,Yes
2404,2,No
2405,1,No
2406,3,No
2407,1,No
2408,2,No
2409,1,No
2410,1,No
2411,0,No
2412,2,No
2413,2,No
2414,0,No
2415,2,No
2416,1,Yes
2417,1,No
2418,2,No
2419,2,No
2420,2,No
2421,2,Yes
2422,2,No
2423,1,No
2424,2,Yes
2425,1,No
2426,3,No
2428,3,No
2429,2,No
2430,2,No
2431,2,No
2432,0,No
2433,2,No
2434,1,No
2435,1,No
2436,2,No
2437,2,No
2438,1,No
2439,2,No
2440,1,No
2441,3,Yes
2442,1,No
2443,1,No
2444,1,No
2445,1,No
2446,1,No
2447,2,No
2448,1,Yes
2449,0,Yes
2450,0,No
2452,1,Yes
2453,0,Yes
2454,1,No
2455,2,No
2456,1,No
2457,1,Yes
2458,2,No
2459,2,No
2460,3,No
2461,1,No
2462,1,No
2463,2,No
2464,2,Yes
2465,2,No
2466,1,No
2467,1,No
2468,1,Yes
2469,1,Yes
2470,2,No
2471,2,Yes
2472,1,No
2473,1,No
2474,1,No
2475,1,No
2476,1,No
2477,1,No
2478,2,No
2479,2,No
2480,1,No
2481,1,Yes
2482,2,No
2483,2,No
2484,2,No
2485,2,Yes
2486,1,No
2487,1,No
2488,0,No
2489,3,No
2490,2,No
2491,1,No
2492,1,No
2493,1,No
2494,1,No
2495,3,No
2496,1,No
2497,2,No
2498,2,No
2499,1,No
2500,1,No
2501,1,No
2502,1,No
2503,1,No
2504,2,Yes
2505,2,No
2506,2,No
2507,2,No
2508,1,No
2509,2,No
2512,1,No
2514,2,No
2515,2,No
2516,2,No
2517,1,No
2518,0,No
2519,1,No
2520,0,No
2521,2,No
2522,1,Yes
2523,1,No
2524,0,No
2525,1,No
2526,0,No
2527,1,Yes
2528,2,Yes
2529,0,No
2530,1,Yes
2531,0,No
2532,1,Yes
2533,3,Yes
2534,2,No
2535,2,No
2536,2,No
2537,2,Yes
2538,1,No
2539,1,No
2540,2,No
2541,1,No
2542,1,No
2543,2,No
2544,3,No
2545,1,No
2546,1,No
2548,1,No
2549,2,No
2550,1,Yes
2551,2,No
2552,1,No
2553,1,No
2554,2,Yes
2555,2,No
2556,2,No
2557,2,No
2558,2,No
2559,1,No
2560,1,Yes
2561,2,No
2562,1,No
2564,1,No
2565,1,No
2566,2,Yes
2567,2,No
2568,1,Yes
2569,2,Yes
2570,1,Yes
2571,0,No
2572,2,No
2573,3,Yes
2574,3,Yes
2575,1,No
2576,1,No
2577,3,No
2578,1,No
2579,1,No
2580,1,Yes
2581,0,No
2582,1,No
2583,1,Yes
2584,1,No
2585,1,No
2586,1,No
2587,1,No
2588,2,No
2589,1,No
2590,1,No
2591,1,Yes
2592,1,No
2593,1,No
2594,2,No
2595,1,No
2596,1,No
2597,1,No
2598,2,No
2599,1,No
2600,3,Yes
2601,2,Yes
2602,3,Yes
2603,1,No
2604,1,No
2605,1,No
2606,1,Yes
2607,2,No
2608,2,No
2609,2,No
2610,3,No
2611,1,No
2612,1,No
2613,2,No
2614,3,No
2615,2,No
2616,1,No
2617,1,No
2618,1,No
2619,1,No
2620,2,No
2621,1,No
2622,2,No
2623,1,No
2624,2,No
2625,2,No
2626,1,Yes
2627,1,Yes
2628,0,No
2629,1,No
2630,2,No
2631,0,No
2633,1,No
2634,2,Yes
2635,2,No
2636,2,Yes
2637,1,No
2638,1,No
2639,1,Yes
2640,1,No
2641,1,No
2642,2,No
2643,1,No
2644,2,No
2645,3,Yes
2646,2,No
2647,2,Yes
2648,3,No
2649,2,Yes
2650,2,No
2651,2,Yes
2652,2,No
2653,2,No
2654,2,No
2655,2,No
2656,2,No
2657,2,No
2658,2,No
2660,2,No
2661,2,No
2662,2,Yes
2663,3,Yes
2664,1,No
2665,3,No
2666,1,No
2667,2,Yes
2668,2,No
2669,1,No
2670,2,No
2671,3,Yes
2672,1,No
2673,1,No
2674,2,No
2675,2,No
2676,1,No
2677,2,No
2678,1,No
2679,2,Yes
2680,2,No
2681,2,No
2682,2,No
2683,2,No
2684,2,No
2685,3,Yes
2686,1,No
2687,3,No
2688,2,No
2689,2,No
2690,3,Yes
2691,2,No
2692,3,No
2693,2,No
2694,2,No
2695,2,No
2696,1,No
2697,2,No
2698,2,No
2699,3,No
2700,2,No
2701,2,No
2702,1,No
2703,1,No
2704,1,No
2705,1,No
2706,3,No
2707,2,No
2708,2,Yes
2709,2,Yes
2710,3,Yes
2711,2,No
2712,2,No
2713,1,No
2714,2,No
2715,2,No
2716,2,Yes
2717,2,No
2718,2,No
2719,2,No
2720,3,No
2721,1,No
2722,2,No
2723,3,No
2724,2,No
2725,2,No
2726,2,No
2727,2,No
2729,1,No
2730,1,No
2731,1,No
2732,1,No
2733,1,No
2734,1,No
2735,1,No
2736,1,No
2737,1,No
2738,1,No
2739,0,No
2740,1,No
2741,1,No
2742,1,No
2743,1,No
2744,2,No
2745,2,No
2746,0,No
2747,1,No
2748,1,No
2749,1,No
2751,1,Yes
2752,2,No
2753,1,No
2754,2,Yes
2755,2,No
2756,1,No
2757,1,No
2758,1,No
2759,1,No
2760,1,No
2762,3,Yes
2763,1,No
2764,3,No
2765,2,Yes
2766,3,No
2767,1,No
2768,1,No
2769,1,Yes
2770,1,Yes
2771,2,No
2772,2,Yes
2773,2,No
2774,2,Yes
2775,2,No
2776,2,No
2777,2,No
2778,0,No
2779,1,No
2780,1,No
2781,2,Yes
2782,2,Yes
2783,2,Yes
2784,0,No
2785,2,No
2787,1,No
2788,3,Yes
2789,2,No
2790,1,No
2791,2,No
2792,1,No
2793,2,No
2794,2,No
2795,3,No
2796,2,No
2797,2,No
2798,1,No
2799,2,No
2800,1,No
2801,0,No
2802,1,No
2803,0,No
2804,2,No
2805,1,No
2806,2,No
2807,1,No
2808,1,No
2809,1,No
2810,1,No
2811,2,No
2812,0,No
2813,2,No
2814,1,No
2815,2,No
2816,3,Yes
2817,1,Yes
2818,2,No
2819,1,Yes
2820,1,Yes
2821,1,No
2822,1,No
2823,3,No
2824,1,No
2825,1,No
2826,2,No
2827,1,No
2828,2,No
2829,1,No
2830,2,No
2831,1,No
2832,1,No
2833,1,No
2834,1,No
2835,1,No
2836,1,No
2837,1,No
2838,1,No
2839,1,No
2840,2,Yes
2841,1,Yes
2842,1,No
2843,2,No
2844,2,Yes
2845,2,No
2846,2,No
2847,2,Yes
2848,1,No
2849,1,No
2850,1,Yes
2851,1,No
2852,1,No
2853,3,Yes
2854,1,No
2856,2,No
2857,1,No
2858,1,Yes
2859,2,Yes
2860,3,Yes
2861,1,No
2862,1,No
2863,1,No
2864,1,No
2865,1,No
2866,2,Yes
2867,2,No
2868,1,No
2869,2,No
2870,1,No
2871,1,No
2872,1,No
2873,1,No
2874,3,Yes
2875,1,Yes
2876,1,No
2877,3,No
2879,1,No
2880,2,Yes
2881,1,No
2882,1,Yes
2883,1,No
2884,1,No
2885,3,Yes
2886,1,No
2887,1,Yes
2888,1,No
2889,2,No
2890,3,No
2891,1,No
2892,1,No
2893,1,No
2894,0,No
2895,1,No
2896,1,No
2897,1,No
2898,1,Yes
2899,1,Yes
2900,2,No
2901,3,No
2902,1,No
2903,2,No
2904,1,No
2905,1,No
2906,2,No
2907,2,No
2908,1,No
2909,2,No
2910,1,No
2911,1,No
2912,3,No
2913,1,No
2914,1,No
2916,1,No
2917,2,No
2918,0,No
2919,0,No
2920,1,No
2922,2,No
2923,1,No
2924,1,No
2925,1,No
2926,1,No
2927,1,No
2928,1,No
2929,2,No
2930,2,No
2931,0,No
2932,1,No
2933,1,Yes
2934,1,No
2935,3,No
2936,1,No
2937,0,No
2938,0,No
2939,1,No
2940,1,No
2941,1,No
2942,1,No
2943,1,No
2944,1,No
2945,1,No
2946,1,No
2947,3,No
2948,1,No
2949,2,No
2950,1,No
2951,1,Yes
2952,1,Yes
2953,2,No
2954,2,Yes
2955,1,No
2956,1,Yes
2957,2,No
2958,1,No
2959,1,Yes
2960,1,No
2961,2,No
2962,1,No
2963,1,No
2964,1,No
2965,1,Yes
2966,1,No
2967,1,No
2968,2,No
2969,1,No
2970,1,No
2971,1,No
2972,1,No
2973,1,No
2975,2,No
2976,1,No
2977,1,No
2978,1,No
2979,2,No
2980,1,No
2981,0,No
2982,1,No
2983,1,No
2984,1,Yes
2985,0,No
2986,1,No
2987,1,No
2988,2,Yes
2989,1,No
2990,1,No
2991,1,No
2992,2,Yes
2993,0,Yes
2994,0,No
2995,2,No
2996,1,No
2997,1,No
2998,1,Yes
2999,2,No
3000,2,No
3001,1,No
3002,1,No
3003,1,No
3004,1,No
3005,1,No
3006,2,Yes
3007,2,No
3008,2,No
3010,1,Yes
3011,2,No
3012,1,No
3013,2,No
3014,1,No
3015,1,No
3016,2,No
3017,2,No
3018,3,Yes
3019,2,No
3020,2,No
3021,1,No
3022,1,No
3023,3,Yes
3024,1,No
3025,1,No
3026,1,No
3027,1,No
3028,2,No
3029,2,No
3030,1,Yes
3031,1,Yes
3032,2,Yes
3033,2,No
3034,2,Yes
3035,1,No
3036,1,Yes
3037,1,Yes
3038,1,Yes
3039,3,No
3040,1,No
3041,1,No
3042,2,No
3043,1,No
3044,3,No
3045,1,No
3046,1,Yes
3047,1,No
3048,1,Yes
3049,2,Yes
3050,0,No
3051,1,No
3052,1,No
3053,1,No
3054,1,No
3055,1,Yes
3056,1,Yes
3057,1,No
3058,3,Yes
3059,1,No
3060,1,No
3061,1,Yes
3062,3,No
3063,1,Yes
3064,1,No
3065,2,No
3066,2,Yes
3067,1,Yes
3068,1,Yes
3069,1,No
3070,1,No
3071,1,Yes
3072,1,No
3073,3,Yes
3074,2,Yes
3075,2,No
3076,3,No
3077,2,No
3078,0,No
3079,1,No
3080,1,No
3081,1,No
3082,2,No
3083,2,No
3084,3,Yes
3085,1,No
3086,1,No
3087,3,No
3088,1,No
3089,2,No
3090,1,No
3092,2,No
3093,0,No
3094,2,No
3095,1,No
3096,1,No
3097,1,No
3098,1,No
3099,1,No
3100,0,No
3101,2,No
3102,1,Yes
3103,1,No
3104,2,No
3105,1,No
3106,1,Yes
3107,1,No
3108,1,No
3109,2,No
3110,2,No
3111,1,No
3112,0,No
3113,1,Yes
3117,2,Yes
3118,1,No
3121,1,No
3122,1,Yes
3123,1,Yes
3124,1,No
3125,1,No
3126,2,No
3128,2,No
3129,1,No
3130,1,No
3131,1,Yes
3132,2,No
3134,1,No
3135,1,Yes
3136,1,No
3137,2,No
3141,1,No
3143,1,No
3144,1,No
3145,1,No
3146,1,No
3148,1,No
3150,1,No
3151,1,No
3153,1,No
3154,2,No
3155,1,No
3156,1,No
3157,1,No
3158,1,No
3159,1,Yes
3160,1,No
3161,3,No
3162,1,No
3163,2,No
3164,1,No
3166,1,No
3167,1,No
3168,1,No
3169,1,No
3170,1,Yes
3171,1,No
3172,1,No
3173,2,No
3174,1,No
3175,3,Yes
3177,2,No
3178,1,No
3179,1,No
3180,2,No
3181,1,No
3182,2,No
3183,2,No
3184,1,No
3185,1,Yes
3186,1,No
3187,2,No
3188,1,No
3189,1,Yes
3190,1,No
3191,1,No
3192,1,No
3193,1,Yes
3194,1,No
3195,1,No
3196,2,No
3197,1,No
3198,1,No
3199,1,Yes
3200,1,No
3201,2,No
3202,0,No
3203,1,No
3204,1,Yes
3205,2,Yes
3206,1,Yes
3207,1,Yes
3208,1,No
3209,1,Yes
3210,1,No
3211,1,No
3212,2,Yes
3213,1,Yes
3214,1,Yes
3215,0,Yes
3216,1,No
3217,1,No
3218,1,Yes
3219,1,No
3220,1,No
3221,1,No
3222,1,No
3223,1,No
3224,3,No
3225,1,No
3226,3,No
3227,1,No
3228,1,No
3229,1,Yes
3230,1,No
3231,1,No
3232,1,No
3233,1,No
3234,1,No
3235,1,No
3236,1,No
3237,1,No
3238,2,No
3239,1,No
3240,1,Yes
3241,1,No
3242,1,No
3243,1,Yes
3244,1,Yes
3245,1,No
3246,1,Yes
3247,2,Yes
3248,1,No
3249,1,Yes
3250,2,Yes
3251,1,No
3252,1,Yes
3253,0,No
3254,1,No
3255,1,No
3256,1,No
3257,1,Yes
3258,1,No
3259,1,No
3260,1,No
3261,1,Yes
3262,1,Yes
3263,1,Yes
3264,1,No
3265,1,No
3266,2,No
3267,1,Yes
3268,1,No
3269,1,No
3270,1,No
3271,1,Yes
3272,1,No
3273,1,No
3274,1,No
3275,2,Yes
3276,1,No
3277,3,No
3278,1,No
3280,1,No
3281,1,No
3282,1,No
3284,1,No
3285,1,Yes
3286,2,Yes
3287,1,Yes
3288,1,No
3289,1,No
3290,1,Yes
3291,2,Yes
3292,1,Yes
3293,1,Yes
3294,2,Yes
3295,1,No
3296,2,No
3297,1,No
3298,1,Yes
3299,3,No
3300,1,No
3301,2,No
3302,1,No
3303,3,No
3304,2,No
3305,1,No
3306,1,No
3307,1,No
3308,3,No
3309,2,No
3310,2,No
3311,1,No
3312,1,No
3313,1,No
3314,1,No
3316,1,No
3317,2,No
3318,1,No
3319,1,No
3320,3,No
3321,1,No
3322,1,No
3323,2,No
3324,2,No
3325,1,No
3326,2,No
3327,1,No
3328,1,No
3329,2,No
3330,2,No
3331,1,No
3332,1,No
3333,1,No
3334,3,No
3335,1,No
3336,3,No
3337,2,No
3338,1,No
3339,0,Yes
3340,1,No
3341,2,No
3342,2,Yes
3344,1,No
3345,2,No
3346,2,No
3347,1,No
3348,2,No
3349,2,No
3350,1,No
3351,1,No
3352,1,Yes
3353,1,No
3354,2,Yes
3355,2,No
3356,0,No
3357,1,No
3358,2,Yes
3359,1,No
3360,1,Yes
3361,2,No
3362,1,No
3363,1,No
3364,2,No
3365,2,No
3366,1,No
3367,0,No
3368,1,Yes
3369,2,No
3370,0,No
3371,1,No
3372,2,No
3373,2,Yes
3374,1,No
3375,1,Yes
3376,2,No
3377,1,No
3378,2,No
3379,1,No
3380,1,No
3381,2,No
3382,0,No
3383,1,Yes
3384,1,No
3385,1,No
3386,1,No
3387,1,No
3388,2,No
3389,1,No
3390,1,No
3391,1,No
3392,2,No
3393,1,No
3394,1,No
3395,2,No
3396,1,No
3397,1,Yes
3398,3,Yes
3399,2,No
3400,2,No
3401,2,Yes
3402,1,No
3403,2,No
3404,1,No
3405,1,No
3406,0,No
3407,3,No
3408,1,No
3409,1,No
3410,1,No
3411,1,No
3412,1,No
3413,1,Yes
3414,1,No
3415,2,Yes
3416,1,No
3417,1,No
3418,1,No
3419,1,No
3420,2,No
3421,1,No
3422,1,No
3423,1,No
3424,1,No
3426,2,No
3427,1,No
3428,2,No
3429,2,No
3430,1,No
3431,1,No
3432,1,No
3433,1,Yes
3434,1,No
3435,2,No
3436,2,No
3437,1,No
3438,2,No
3439,2,No
3440,2,No
3441,1,No
3442,1,No
3443,1,No
3444,1,No
3445,1,No
3446,0,No
3447,1,No
3448,1,No
3449,1,No
3450,1,No
3451,2,Yes
3452,1,No
3453,2,No
3454,1,No
3455,1,No
3456,1,No
3457,1,No
3458,1,Yes
3460,2,Yes
3461,1,No
3462,1,No
3463,1,No
3464,1,No
3465,2,No
3466,2,No
3467,1,No
3468,1,No
3469,1,No
3470,1,No
3471,1,No
3472,1,No
3473,2,No
3474,2,No
3475,1,No
3476,1,No
3477,1,No
3478,2,Yes
3479,1,No
3480,1,No
3481,1,No
3482,1,No
3483,2,Yes
3484,1,No
3485,2,No
3486,1,No
3487,0,No
3488,1,No
3489,2,No
3490,1,No
3491,1,No
3492,1,Yes
3493,1,No
3494,1,No
3495,2,No
3496,1,No
3497,2,No
3498,1,No
3499,1,No
3500,1,No
3501,1,No
3502,2,No
3503,2,No
3504,1,No
3505,2,No
3506,1,No
3507,2,Yes
3508,1,No
3509,1,No
3510,1,No
3511,1,No
3512,2,No
3513,1,No
3514,2,No
3515,1,No
3516,1,No
3517,1,No
3518,2,No
3519,1,No
3520,1,No
3521,1,No
3522,2,Yes
3523,1,No
3524,0,No
3525,1,No
3526,1,No
3527,3,No
3528,1,No
3529,1,Yes
3530,1,No
3531,1,Yes
3532,2,No
3533,0,No
3534,1,Yes
3535,1,No
3536,3,No
3537,1,No
3538,2,No
3539,1,No
3540,2,No
3541,1,No
3542,1,No
3543,1,No
3544,2,No
3545,1,No
3546,1,Yes
3547,2,No
3548,1,No
3549,1,No
3550,1,No
3551,1,No
3552,2,No
3553,1,No
3554,2,No
3555,2,No
3556,1,No
3557,1,No
3558,1,No
3559,1,No
3560,1,No
3561,1,No
3562,1,No
3563,1,No
3564,1,No
3565,1,No
3566,1,No
3567,0,No
3568,1,No
3569,1,No
3570,2,No
3571,2,No
3572,1,No
3573,0,No
3574,1,No
3575,1,No
58,1,NA_Yes
104,2,NA_Yes
141,1,NA_Yes
246,3,NA_Yes
273,1,NA_Yes
338,1,NA_Yes
835,2,NA_Yes
862,3,NA_Yes
886,2,NA_Yes
909,1,NA_Yes
918,1,NA_Yes
942,1,NA_Yes
1064,1,NA_Yes
1067,2,NA_Yes
1142,1,NA_No
1153,1,NA_Yes
1154,2,NA_Yes
1166,1,NA_Yes
1167,2,NA_Yes
1185,1,NA_No
1187,1,NA_No
1188,1,NA_No
1204,1,NA_Yes
1210,1,NA_Yes
1245,1,NA_Yes
1267,1,NA_Yes
1293,1,NA_No
1296,2,NA_Yes
1321,1,NA_Yes
1348,3,NA_No
1398,0,NA_Yes
1415,1,NA_Yes
1460,3,NA_Yes
1461,0,NA_Yes
1471,1,NA_No
1480,3,NA_Yes
1539,1,NA_Yes
1581,1,NA_Yes
1596,2,NA_No
1598,1,NA_No
1599,1,NA_No
1602,1,NA_No
1651,3,NA_No
1658,1,NA_No
1677,3,NA_Yes
1693,3,NA_No
1746,2,NA_No
1784,2,NA_Yes
1961,2,NA_No
2035,2,NA_No
2037,2,NA_Yes
2059,2,NA_No
2062,2,NA_Yes
2066,1,NA_Yes
2100,1,NA_Yes
2427,2,NA_No
2451,0,NA_Yes
2510,3,NA_Yes
2511,2,NA_Yes
2513,3,NA_Yes
2547,1,NA_Yes
2563,1,NA_No
2632,1,NA_No
2659,3,NA_No
2728,2,NA_Yes
2750,2,NA_Yes
2761,2,NA_Yes
2786,1,NA_Yes
2855,2,NA_Yes
2878,3,NA_Yes
2915,1,NA_Yes
2921,1,NA_No
2974,1,NA_No
3009,1,NA_Yes
3091,1,NA_No
3114,1,NA_Yes
3115,3,NA_Yes
3116,1,NA_Yes
3119,1,NA_No
3120,1,NA_No
3127,1,NA_No
3133,1,NA_No
3138,1,NA_Yes
3139,1,NA_No
3140,1,NA_Yes
3142,1,NA_No
3147,1,NA_No
3149,1,NA_No
3152,2,NA_No
3165,1,NA_No
3176,1,NA_No
3279,2,NA_Yes
3283,1,NA_Yes
3315,1,NA_Yes
3343,1,NA_Yes
3425,1,NA_Yes
3459,0,NA_Yes
